name,sam_account_name,display_name,firstname,lastname,upn,group_member
Alessandro Patricio,aopatricio,Alessandro Patricio | 200DEV,Alessandro,Patricio,aopatricio@200dev.local,Domain Admins
Gerferson Patricio,gpatricio,Geferson Patricio | 200DEV,Geferson,Patricio,gpatricio@200dev.local,Domain Users
Carlos Souza,carlos.souza,Carlos Souza | 200DEV,Carlos,Souza,carlos.souza@200dev.local,Domain Users
Adriano Costa,adriano.costa,Adriano Costa | 200DEV,Adriano,Costa,adriano.costa@200dev.local,Domain Users
